Workbook

Sheet README
A1: Definitive shading reconstruction — Systems A/3, B/8, C/9
A3: Item | B3: Definitive choice / explanation | D3: Constant | E3: Value
A4: Purpose | B4: Audit-ready workbook for replacement Tables 7–9 and data behind Figures 4–6. | D4: Analysis start | E4: 45047
A5: Analysis period | B5: Hourly energy intervals from May 1, 2023 00:00 through June 20, 2023 00:00, reported as the manuscript period May 1–June 19. | D5: Pole move | E5: 45057.5
A6: System A IDA | B6: Raw inverter_o: middlePole through the interval ending May 11 12:00; corner-pole from the interval starting May 11 12:00 (first hour-ending timestamp 13:00). | D6: End exclusive | E6: 45097
A7: System A alignment | B7: Raw PRN time t (interval start) maps to the following comparison hour-ending timestamp t+1; RawTimeIndex_A = HourIndex − 1. | D7: A raw shift [h] | E7: 1
A8: System A alternate raw output | B8: produced_p from EL-POWERS retained for traceability but not used. | D8: Rows | E8: 1200
A9: System B IDA | B9: P8IDA_2 from IDA vs PVsyst.xlsx, confirmed corrected run.
A10: System C IDA | B10: P9IDA from IDA vs PVsyst.xlsx.
A11: Measured/PVsyst | B11: IDA vs PVsyst.xlsx ('vs' sheet).
A12: Derived IDA audit | B12: Shading_Results_IDA_PD_hour.xlsx ('Sheet3'), full relevant period included.
A13: Difference sign | B13: Simulated − Measured.
A14: Energy | B14: Hourly mean W × 1 h /1000 = kWh.
A15: Outliers | B15: None removed in shading analysis.
A16: Hourly diagnostic filter | B16: Measured GTI > 0 W/m².
A17: Historical columns excluded | B17: P3IDA and original P8IDA are not used in definitive results.
A18: Timestamp convention | B18: Comparison/derived Date values are hour-ending timestamps. Selected-day tabs therefore use hour ending 1–24.

Sheet Source_vs_period
A1: Date | B1: GTI3M | C1: P3M | D1: GTI3IDA | E1: P3IDAnoShadow | F1: P3IDA | G1: GTI3PVs | H1: P3PVs | I1: GTI9M | J1: P8M | K1: GTI8IDA | L1: P8IDA | M1: P8IDA_2 | N1: GTI8PVs | O1: P8PVs | P1: P9M | Q1: GTI9IDA | R1: P9IDA | S1: GTI9PVs | T1: P9PVs
A2: 45047.042 | B2: 0 | C2: 0 | D2: 0 | E2: 0 | F2: 0 | G2: 0 | H2: 0 | I2: 0.30748358 | J2: 0 | K2: -1.62208e-97 | L2: 0 | M2: 0 | N2: 0 | O2: 0 | P2: 0 | Q2: -1.07193e-99 | R2: 0 | S2: 0 | T2: 0
A3: 45047.083 | B3: 0 | C3: 0 | D3: 0 | E3: 0 | F3: 0 | G3: 0 | H3: 0 | I3: 0.36332368 | J3: 0 | K3: 0 | L3: 0 | M3: 0 | N3: 0 | O3: 0 | P3: 0 | Q3: 0 | R3: 0 | S3: 0 | T3: 0
A4: 45047.125 | B4: 0 | C4: 0 | D4: 0.0510733 | E4: 0 | F4: 0 | G4: 0 | H4: 0 | I4: 0 | J4: 0 | K4: 0 | L4: 0 | M4: 0 | N4: 0 | O4: 0 | P4: 0 | Q4: 0 | R4: 0 | S4: 0 | T4: 0
A5: 45047.167 | B5: 3.979918 | C5: 0 | D5: 1.5265 | E5: 0 | F5: 0 | G5: 0 | H5: 0 | I5: 0 | J5: 0 | K5: 0 | L5: 0 | M5: 0 | N5: 0 | O5: 0 | P5: 0 | Q5: 0 | R5: 0 | S5: 0 | T5: 0
A6: 45047.208 | B6: 15.946074 | C6: 0 | D6: 14.575 | E6: 0 | F6: 0 | G6: 0 | H6: 0 | I6: 1.2645384 | J6: 0 | K6: 0.50596 | L6: 0 | M6: 0 | N6: 0 | O6: 0 | P6: 0 | Q6: 0.50918 | R6: 0 | S6: 0 | T6: 0
A7: 45047.25 | B7: 28.73832 | C7: 0 | D7: 47.071 | E7: 0 | F7: 2.5801 | G7: 23.183 | H7: 58.2 | I7: 14.152881 | J7: 55 | K7: 5.9947 | L7: 0 | M7: 0 | N7: 21.303 | O7: 0 | P7: 0 | Q7: 5.9957 | R7: 0 | S7: 18.415 | T7: 0
A8: 45047.292 | B8: 58.806967 | C8: 67 | D8: 204.82 | E8: 126.6 | F8: 67.263 | G8: 35.6 | H8: 99.6 | I8: 27.353898 | J8: 81 | K8: 23.242 | L8: 67.957 | M8: 59.25 | N8: 33.781 | O8: 71 | P8: 0 | Q8: 22.712 | R8: 0 | S8: 29.146 | T8: 5.6
A9: 45047.333 | B9: 158.04959 | C9: 163 | D9: 411.86 | E9: 406.25 | F9: 189.78 | G9: 89.377 | H9: 293.8 | I9: 56.785435 | J9: 130 | K9: 41.978 | L9: 144.19 | M9: 128.32 | N9: 86.149 | O9: 126.1 | P9: 50 | Q9: 38.37 | R9: 0 | S9: 75.03 | T9: 47.9
A10: 45047.375 | B10: 148.74607 | C10: 534 | D10: 648.39 | E10: 587.76 | F10: 495.88 | G10: 155.7 | H10: 510.9 | I10: 155.36225 | J10: 552 | K10: 95.479 | L10: 420.44 | M10: 410.76 | N10: 147.11 | O10: 369.8 | P10: 320 | Q10: 95.093 | R10: 221.62 | S10: 130.14 | T10: 229.8
A11: 45047.417 | B11: 198.72254 | C11: 498 | D11: 799.59 | E11: 603.85 | F11: 511.64 | G11: 161.11 | H11: 560.3 | I11: 140.91705 | J11: 577 | K11: 157.83 | L11: 620.01 | M11: 626.15 | N11: 150.26 | O11: 655.6 | P11: 329 | Q11: 157.12 | R11: 432.89 | S11: 132.35 | T11: 436
A12: 45047.458 | B12: 171.99876 | C12: 680 | D12: 734.39 | E12: 666.49 | F12: 663.74 | G12: 170.11 | H12: 589.9 | I12: 188.72041 | J12: 793 | K12: 162.05 | L12: 640.89 | M12: 646.77 | N12: 156.55 | O12: 667.1 | P12: 491 | Q12: 161.73 | R12: 446.06 | S12: 137.98 | T12: 441.7
A13: 45047.5 | B13: 409.26074 | C13: 582 | D13: 650.74 | E13: 820.91 | F13: 633.33 | G13: 213.66 | H13: 747.8 | I13: 161.63564 | J13: 684 | K13: 168.29 | L13: 681.02 | M13: 682.12 | N13: 199.04 | O13: 694 | P13: 412 | Q13: 167.53 | R13: 464.77 | S13: 177.37 | T13: 460.6
... A1201: 45097 | B1201: 0 | C1201: 0 | D1201: 0 | E1201: 0 | F1201: 0 | G1201: 0 | H1201: 0 | I1201: 0 | J1201: 0 | K1201: 0 | L1201: 0 | M1201: 0 | N1201: 0 | O1201: 0 | P1201: 0 | Q1201: 0 | R1201: 0 | S1201: 0 | T1201: 0

Sheet Derived_IDA_period
A1: Date | B1: GTI3M | C1: GTI9M | D1: Tp3M | E1: Tp8M | F1: Tp9M | G1: P3M | H1: P8M | I1: P9M | J1: GTI3IDAE2 | K1: P3IDAE2 | L1: Tp3IDAE2 | M1: GTI8IDAE2 | N1: P8IDAE2 | O1: Tp8IDAE2 | P1: GTI9IDAE2 | Q1: P9IDAE2 | R1: Tp9IDAE2
A2: 45047.042 | B2: 0 | C2: 0.30748358 | D2: 2.025 | E2: 2.1316667 | F2: 1.787931 | G2: 0 | H2: 0 | I2: 0 | J2: 0 | K2: 0 | L2: -2.202 | M2: -1.62208e-97 | N2: 0 | O2: -2.1953 | P2: -1.07193e-99 | Q2: 0 | R2: -2.2186
A3: 45047.083 | B3: 0 | C3: 0.36332368 | D3: 2.4413793 | E3: 2.7233333 | F3: 2.3133333 | G3: 0 | H3: 0 | I3: 0 | J3: 0 | K3: 0 | L3: -1.9886 | M3: 0 | N3: 0 | O3: -2.064 | P3: 0 | Q3: 0 | R3: -2.0785
A4: 45047.125 | B4: 0 | C4: 0 | D4: 2.5949153 | E4: 2.7655172 | F4: 2.3266667 | G4: 0 | H4: 0 | I4: 0 | J4: 0.0510733 | K4: 0 | L4: -2.4371 | M4: 0 | N4: 0 | O4: -2.5751 | P4: 0 | Q4: 0 | R4: -2.5846
A5: 45047.167 | B5: 3.979918 | C5: 0 | D5: 2.6728814 | E5: 2.72 | F5: 2.3051724 | G5: 0 | H5: 0 | I5: 0 | J5: 1.5265 | K5: 0 | L5: -2.9549 | M5: 0 | N5: 0 | O5: -3.1269 | P5: 0 | Q5: 0 | R5: -3.1199
A6: 45047.208 | B6: 15.946074 | C6: 1.2645384 | D6: 2.9338983 | E6: 3.0813559 | F6: 2.9338983 | G6: 0 | H6: 0 | I6: 0 | J6: 14.575 | K6: 0 | L6: -2.4562 | M6: 0.50596 | N6: 0 | O6: -2.4831 | P6: 0.50918 | Q6: 0 | R6: -2.3775
A7: 45047.25 | B7: 28.73832 | C7: 14.152881 | D7: 3.4915254 | E7: 3.6338983 | F7: 3.7220339 | G7: 0 | H7: 78 | I7: 0 | J7: 47.071 | K7: 0 | L7: -2.2604 | M7: 5.9947 | N7: 0 | O7: -1.7259 | P7: 5.9957 | Q7: 0 | R7: -1.0526
A8: 45047.292 | B8: 58.806967 | C8: 27.353898 | D8: 4.3166667 | E8: 4.5266667 | F8: 5.0881356 | G8: 67 | H8: 67 | I8: 0 | J8: 204.82 | K8: 144.28 | L8: 7.6241 | M8: 23.242 | N8: 67.957 | O8: 9.7562 | P8: 22.712 | Q8: 0 | R8: 11.664
A9: 45047.333 | B9: 158.04959 | C9: 56.785435 | D9: 6.4454545 | E9: 6.9338983 | F9: 8.9932203 | G9: 163 | H9: 192 | I9: 81 | J9: 411.86 | K9: 326.42 | L9: 20.72 | M9: 41.978 | N9: 144.19 | O9: 21.989 | P9: 38.37 | Q9: 0 | R9: 25.431
A10: 45047.375 | B10: 148.74607 | C10: 155.36225 | D10: 8.0596491 | E10: 8.3689655 | F10: 9.885 | G10: 534 | H10: 650 | I10: 386 | J10: 648.39 | K10: 574.26 | L10: 32.614 | M10: 95.479 | N10: 420.44 | O10: 33.515 | P10: 95.093 | Q10: 221.62 | R10: 38.056
A11: 45047.417 | B11: 198.72254 | C11: 140.91705 | D11: 9.0596491 | E11: 9.3745763 | F11: 10.976271 | G11: 498 | H11: 583 | I11: 339 | J11: 799.59 | K11: 593.73 | L11: 40.008 | M11: 157.83 | N11: 620.01 | O11: 39.567 | P11: 157.12 | Q11: 432.89 | R11: 44.995
A12: 45047.458 | B12: 171.99876 | C12: 188.72041 | D12: 9.2436364 | E12: 9.4333333 | F12: 10.218333 | G12: 680 | H12: 819 | I12: 505 | J12: 734.39 | K12: 652.22 | L12: 40.062 | M12: 162.05 | N12: 640.89 | O12: 38.682 | P12: 161.73 | Q12: 446.06 | R12: 43.848
A13: 45047.5 | B13: 409.26074 | C13: 161.63564 | D13: 11.550847 | E13: 12.258929 | F13: 15.805085 | G13: 582 | H13: 691 | I13: 420 | J13: 650.74 | K13: 781.44 | L13: 37.945 | M13: 168.29 | N13: 681.02 | O13: 36.38 | P13: 167.53 | Q13: 464.77 | R13: 41.13
... A1201: 45097 | B1201: 0 | C1201: 0 | D1201: 15.406667 | E1201: 14.94 | F1201: 14.242373 | G1201: 0 | H1201: 0 | I1201: 0 | J1201: 0 | K1201: 0 | L1201: 14.358 | M1201: 0 | N1201: 0 | O1201: 18.452 | P1201: 0 | Q1201: 0 | R1201: 18.43

Sheet A_mid_STRING_raw
A1: time | B1: order | C1: inverter_o
A2: 0 | B2: 1 | C2: 0
A3: 1 | B3: 1 | C3: 0
A4: 2 | B4: 1 | C4: 0
A5: 3 | B5: 1 | C5: 0
A6: 4 | B6: 1 | C6: 0
A7: 5 | B7: 1 | C7: 0
A8: 6 | B8: 1 | C8: 0
A9: 7 | B9: 1 | C9: 0
A10: 8 | B10: 1 | C10: 0
A11: 9 | B11: 1 | C11: 0
A12: 10 | B12: 1 | C12: 0
A13: 11 | B13: 1 | C13: 0
... A8760: 8758 | B8760: 1 | C8760: 0

Sheet A_mid_POWERS_raw
A1: time | B1: order | C1: grid_power | D1: produced_p | E1: used_power
A2: 0 | B2: 1 | C2: 0 | D2: 0 | E2: 0
A3: 1 | B3: 1 | C3: 0 | D3: 0 | E3: 0
A4: 2 | B4: 1 | C4: 0 | D4: 0 | E4: 0
A5: 3 | B5: 1 | C5: 0 | D5: 0 | E5: 0
A6: 4 | B6: 1 | C6: 0 | D6: 0 | E6: 0
A7: 5 | B7: 1 | C7: 0 | D7: 0 | E7: 0
A8: 6 | B8: 1 | C8: 0 | D8: 0 | E8: 0
A9: 7 | B9: 1 | C9: 0 | D9: 0 | E9: 0
A10: 8 | B10: 1 | C10: 0 | D10: 0 | E10: 0
A11: 9 | B11: 1 | C11: 0 | D11: 0 | E11: 0
A12: 10 | B12: 1 | C12: 0 | D12: 0 | E12: 0
A13: 11 | B13: 1 | C13: 0 | D13: 0 | E13: 0
... A8760: 8758 | B8760: 1 | C8760: 0 | D8760: 0 | E8760: 0

Sheet A_corner_STRING_raw
A1: time | B1: order | C1: inverter_o
A2: 0 | B2: 1 | C2: 0
A3: 1 | B3: 1 | C3: 0
A4: 2 | B4: 1 | C4: 0
A5: 3 | B5: 1 | C5: 0
A6: 4 | B6: 1 | C6: 0
A7: 5 | B7: 1 | C7: 0
A8: 6 | B8: 1 | C8: 0
A9: 7 | B9: 1 | C9: 0
A10: 8 | B10: 1 | C10: 0
A11: 9 | B11: 1 | C11: 0
A12: 10 | B12: 1 | C12: 0
A13: 11 | B13: 1 | C13: 0
... A8760: 8758 | B8760: 1 | C8760: 0

Sheet A_corner_POWERS_raw
A1: time | B1: order | C1: grid_power | D1: produced_p | E1: used_power
A2: 0 | B2: 1 | C2: 0 | D2: 0 | E2: 0
A3: 1 | B3: 1 | C3: 0 | D3: 0 | E3: 0
A4: 2 | B4: 1 | C4: 0 | D4: 0 | E4: 0
A5: 3 | B5: 1 | C5: 0 | D5: 0 | E5: 0
A6: 4 | B6: 1 | C6: 0 | D6: 0 | E6: 0
A7: 5 | B7: 1 | C7: 0 | D7: 0 | E7: 0
A8: 6 | B8: 1 | C8: 0 | D8: 0 | E8: 0
A9: 7 | B9: 1 | C9: 0 | D9: 0 | E9: 0
A10: 8 | B10: 1 | C10: 0 | D10: 0 | E10: 0
A11: 9 | B11: 1 | C11: 0 | D11: 0 | E11: 0
A12: 10 | B12: 1 | C12: 0 | D12: 0 | E12: 0
A13: 11 | B13: 1 | C13: 0 | D13: 0 | E13: 0
... A8760: 8758 | B8760: 1 | C8760: 0 | D8760: 0 | E8760: 0

Sheet Reconstruction
A1: DateTime | B1: HourIndex | C1: RawTimeIndex_A | D1: A_Geometry | E1: A_GTI | F1: A_Measured | G1: A_IDA_aligned | H1: A_PVsyst | I1: A_Error_IDA | J1: A_Error_PVsyst | K1: B_GTI | L1: B_Measured | M1: B_IDA_corrected | N1: B_PVsyst | O1: B_Error_IDA | P1: B_Error_PVsyst | Q1: C_GTI | R1: C_Measured | S1: C_IDA | T1: C_PVsyst | U1: C_Error_IDA | V1: C_Error_PVsyst
A2: 45047.042 | B2: 2881 | C2: =B2-1 -> 2880 | D2: ="middlePole" -> middlePole | E2: 0 | F2: 0 | G2: =A_mid_STRING_raw!C2882 -> 0 | H2: 0 | I2: =G2-F2 -> 0 | J2: =H2-F2 -> 0 | K2: 0.30748358 | L2: 0 | M2: 0 | N2: 0 | O2: =M2-L2 -> 0 | P2: =N2-L2 -> 0 | Q2: 0.30748358 | R2: 0 | S2: 0 | T2: 0 | U2: =S2-R2 -> 0 | V2: =T2-R2 -> 0
A3: 45047.083 | B3: 2882 | C3: =B3-1 -> 2881 | D3: ="middlePole" -> middlePole | E3: 0 | F3: 0 | G3: =A_mid_STRING_raw!C2883 -> 0 | H3: 0 | I3: =G3-F3 -> 0 | J3: =H3-F3 -> 0 | K3: 0.36332368 | L3: 0 | M3: 0 | N3: 0 | O3: =M3-L3 -> 0 | P3: =N3-L3 -> 0 | Q3: 0.36332368 | R3: 0 | S3: 0 | T3: 0 | U3: =S3-R3 -> 0 | V3: =T3-R3 -> 0
A4: 45047.125 | B4: 2883 | C4: =B4-1 -> 2882 | D4: ="middlePole" -> middlePole | E4: 0 | F4: 0 | G4: =A_mid_STRING_raw!C2884 -> 0 | H4: 0 | I4: =G4-F4 -> 0 | J4: =H4-F4 -> 0 | K4: 0 | L4: 0 | M4: 0 | N4: 0 | O4: =M4-L4 -> 0 | P4: =N4-L4 -> 0 | Q4: 0 | R4: 0 | S4: 0 | T4: 0 | U4: =S4-R4 -> 0 | V4: =T4-R4 -> 0
A5: 45047.167 | B5: 2884 | C5: =B5-1 -> 2883 | D5: ="middlePole" -> middlePole | E5: 3.979918 | F5: 0 | G5: =A_mid_STRING_raw!C2885 -> 0 | H5: 0 | I5: =G5-F5 -> 0 | J5: =H5-F5 -> 0 | K5: 0 | L5: 0 | M5: 0 | N5: 0 | O5: =M5-L5 -> 0 | P5: =N5-L5 -> 0 | Q5: 0 | R5: 0 | S5: 0 | T5: 0 | U5: =S5-R5 -> 0 | V5: =T5-R5 -> 0
A6: 45047.208 | B6: 2885 | C6: =B6-1 -> 2884 | D6: ="middlePole" -> middlePole | E6: 15.946074 | F6: 0 | G6: =A_mid_STRING_raw!C2886 -> 0 | H6: 0 | I6: =G6-F6 -> 0 | J6: =H6-F6 -> 0 | K6: 1.2645384 | L6: 0 | M6: 0 | N6: 0 | O6: =M6-L6 -> 0 | P6: =N6-L6 -> 0 | Q6: 1.2645384 | R6: 0 | S6: 0 | T6: 0 | U6: =S6-R6 -> 0 | V6: =T6-R6 -> 0
A7: 45047.25 | B7: 2886 | C7: =B7-1 -> 2885 | D7: ="middlePole" -> middlePole | E7: 28.73832 | F7: 0 | G7: =A_mid_STRING_raw!C2887 -> 0 | H7: 58.2 | I7: =G7-F7 -> 0 | J7: =H7-F7 -> 58.2 | K7: 14.152881 | L7: 55 | M7: 0 | N7: 0 | O7: =M7-L7 -> -55 | P7: =N7-L7 -> -55 | Q7: 14.152881 | R7: 0 | S7: 0 | T7: 0 | U7: =S7-R7 -> 0 | V7: =T7-R7 -> 0
A8: 45047.292 | B8: 2887 | C8: =B8-1 -> 2886 | D8: ="middlePole" -> middlePole | E8: 58.806967 | F8: 67 | G8: =A_mid_STRING_raw!C2888 -> 0 | H8: 99.6 | I8: =G8-F8 -> -67 | J8: =H8-F8 -> 32.6 | K8: 27.353898 | L8: 81 | M8: 59.25 | N8: 71 | O8: =M8-L8 -> -21.75 | P8: =N8-L8 -> -10 | Q8: 27.353898 | R8: 0 | S8: 0 | T8: 5.6 | U8: =S8-R8 -> 0 | V8: =T8-R8 -> 5.6
A9: 45047.333 | B9: 2888 | C9: =B9-1 -> 2887 | D9: ="middlePole" -> middlePole | E9: 158.04959 | F9: 163 | G9: =A_mid_STRING_raw!C2889 -> 104.83 | H9: 293.8 | I9: =G9-F9 -> -58.17 | J9: =H9-F9 -> 130.8 | K9: 56.785435 | L9: 130 | M9: 128.32 | N9: 126.1 | O9: =M9-L9 -> -1.68 | P9: =N9-L9 -> -3.9 | Q9: 56.785435 | R9: 50 | S9: 0 | T9: 47.9 | U9: =S9-R9 -> -50 | V9: =T9-R9 -> -2.1
A10: 45047.375 | B10: 2889 | C10: =B10-1 -> 2888 | D10: ="middlePole" -> middlePole | E10: 148.74607 | F10: 534 | G10: =A_mid_STRING_raw!C2890 -> 358.26 | H10: 510.9 | I10: =G10-F10 -> -175.74 | J10: =H10-F10 -> -23.1 | K10: 155.36225 | L10: 552 | M10: 410.76 | N10: 369.8 | O10: =M10-L10 -> -141.24 | P10: =N10-L10 -> -182.2 | Q10: 155.36225 | R10: 320 | S10: 221.62 | T10: 229.8 | U10: =S10-R10 -> -98.38 | V10: =T10-R10 -> -90.2
A11: 45047.417 | B11: 2890 | C11: =B11-1 -> 2889 | D11: ="middlePole" -> middlePole | E11: 198.72254 | F11: 498 | G11: =A_mid_STRING_raw!C2891 -> 573.2 | H11: 560.3 | I11: =G11-F11 -> 75.2 | J11: =H11-F11 -> 62.3 | K11: 140.91705 | L11: 577 | M11: 626.15 | N11: 655.6 | O11: =M11-L11 -> 49.15 | P11: =N11-L11 -> 78.6 | Q11: 140.91705 | R11: 329 | S11: 432.89 | T11: 436 | U11: =S11-R11 -> 103.89 | V11: =T11-R11 -> 107
A12: 45047.458 | B12: 2891 | C12: =B12-1 -> 2890 | D12: ="middlePole" -> middlePole | E12: 171.99876 | F12: 680 | G12: =A_mid_STRING_raw!C2892 -> 589.64 | H12: 589.9 | I12: =G12-F12 -> -90.36 | J12: =H12-F12 -> -90.1 | K12: 188.72041 | L12: 793 | M12: 646.77 | N12: 667.1 | O12: =M12-L12 -> -146.23 | P12: =N12-L12 -> -125.9 | Q12: 188.72041 | R12: 491 | S12: 446.06 | T12: 441.7 | U12: =S12-R12 -> -44.94 | V12: =T12-R12 -> -49.3
A13: 45047.5 | B13: 2892 | C13: =B13-1 -> 2891 | D13: ="middlePole" -> middlePole | E13: 409.26074 | F13: 582 | G13: =A_mid_STRING_raw!C2893 -> 650.23 | H13: 747.8 | I13: =G13-F13 -> 68.23 | J13: =H13-F13 -> 165.8 | K13: 161.63564 | L13: 684 | M13: 682.12 | N13: 694 | O13: =M13-L13 -> -1.88 | P13: =N13-L13 -> 10 | Q13: 161.63564 | R13: 412 | S13: 464.77 | T13: 460.6 | U13: =S13-R13 -> 52.77 | V13: =T13-R13 -> 48.6
... A253: 45057.5 | B253: 3132 | C253: =B253-1 -> 3131 | D253: ="middlePole" -> middlePole | E253: 821.29428 | F253: 3199 | G253: =A_mid_STRING_raw!C3133 -> 3166.2 | H253: 3103.2 | I253: =G253-F253 -> -32.8 | J253: =H253-F253 -> -95.8 | K253: 1008.4587 | L253: 3942 | M253: 3699 | N253: 3707.6 | O253: =M253-L253 -> -243 | P253: =N253-L253 -> -234.4 | Q253: 1008.4587 | R253: 2675 | S253: 2758.9 | T253: 2679.2 | U253: =S253-R253 -> 83.9 | V253: =T253-R253 -> 4.2
A254: 45057.542 | B254: 3133 | C254: =B254-1 -> 3132 | D254: ="cornerPole" -> cornerPole | E254: 498.11272 | F254: 2631 | G254: =A_corner_STRING_raw!C3134 -> 2867 | H254: 3127 | I254: =G254-F254 -> 236 | J254: =H254-F254 -> 496 | K254: 858.71267 | L254: 3529 | M254: 3627.8 | N254: 3817.6 | O254: =M254-L254 -> 98.8 | P254: =N254-L254 -> 288.6 | Q254: 858.71267 | R254: 2506 | S254: 2776.5 | T254: 2744.3 | U254: =S254-R254 -> 270.5 | V254: =T254-R254 -> 238.3
A255: 45057.583 | B255: 3134 | C255: =B255-1 -> 3133 | D255: ="cornerPole" -> cornerPole | E255: 840.64873 | F255: 1643 | G255: =A_corner_STRING_raw!C3135 -> 1871.6 | H255: 2028.5 | I255: =G255-F255 -> 228.6 | J255: =H255-F255 -> 385.5 | K255: 498.17478 | L255: 2143 | M255: 2394.1 | N255: 2591.9 | O255: =M255-L255 -> 251.1 | P255: =N255-L255 -> 448.9 | Q255: 498.17478 | R255: 1422 | S255: 1722.9 | T255: 1887.6 | U255: =S255-R255 -> 300.9 | V255: =T255-R255 -> 465.6
A256: 45057.625 | B256: 3135 | C256: =B256-1 -> 3134 | D256: ="cornerPole" -> cornerPole | E256: 531.49517 | F256: 2781 | G256: =A_corner_STRING_raw!C3136 -> 2308 | H256: 2485.7 | I256: =G256-F256 -> -473 | J256: =H256-F256 -> -295.3 | K256: 807.83564 | L256: 3156 | M256: 2716.8 | N256: 2843.3 | O256: =M256-L256 -> -439.2 | P256: =N256-L256 -> -312.7 | Q256: 807.83564 | R256: 2106 | S256: 1984.5 | T256: 2074.9 | U256: =S256-R256 -> -121.5 | V256: =T256-R256 -> -31.1
A257: 45057.667 | B257: 3136 | C257: =B257-1 -> 3135 | D257: ="cornerPole" -> cornerPole | E257: 365.85154 | F257: 1765 | G257: =A_corner_STRING_raw!C3137 -> 1978 | H257: 2159 | I257: =G257-F257 -> 213 | J257: =H257-F257 -> 394 | K257: 529.96285 | L257: 2370 | M257: 2519.9 | N257: 2597.9 | O257: =M257-L257 -> 149.9 | P257: =N257-L257 -> 227.9 | Q257: 529.96285 | R257: 1575 | S257: 1771.9 | T257: 1895.4 | U257: =S257-R257 -> 196.9 | V257: =T257-R257 -> 320.4
A258: 45057.708 | B258: 3137 | C258: =B258-1 -> 3136 | D258: ="cornerPole" -> cornerPole | E258: 191.21441 | F258: 1216 | G258: =A_corner_STRING_raw!C3138 -> 1358.8 | H258: 1461.2 | I258: =G258-F258 -> 142.8 | J258: =H258-F258 -> 245.2 | K258: 355.30228 | L258: 1361 | M258: 1497.4 | N258: 1520.7 | O258: =M258-L258 -> 136.4 | P258: =N258-L258 -> 159.7 | Q258: 355.30228 | R258: 983 | S258: 1107.3 | T258: 1234.6 | U258: =S258-R258 -> 124.3 | V258: =T258-R258 -> 251.6
A259: 45057.75 | B259: 3138 | C259: =B259-1 -> 3137 | D259: ="cornerPole" -> cornerPole | E259: 41.879339 | F259: 557 | G259: =A_corner_STRING_raw!C3139 -> 742.86 | H259: 753.6 | I259: =G259-F259 -> 185.86 | J259: =H259-F259 -> 196.6 | K259: 176.14757 | L259: 718 | M259: 510.13 | N259: 674.8 | O259: =M259-L259 -> -207.87 | P259: =N259-L259 -> -43.2 | Q259: 176.14757 | R259: 499 | S259: 536.1 | T259: 601.7 | U259: =S259-R259 -> 37.1 | V259: =T259-R259 -> 102.7
A260: 45057.792 | B260: 3139 | C260: =B260-1 -> 3138 | D260: ="cornerPole" -> cornerPole | E260: 15.414655 | F260: 114 | G260: =A_corner_STRING_raw!C3140 -> 261.12 | H260: 202.1 | I260: =G260-F260 -> 147.12 | J260: =H260-F260 -> 88.1 | K260: 34.631531 | L260: 122 | M260: 269.02 | N260: 228.5 | O260: =M260-L260 -> 147.02 | P260: =N260-L260 -> 106.5 | Q260: 34.631531 | R260: 36 | S260: 123.1 | T260: 127.7 | U260: =S260-R260 -> 87.1 | V260: =T260-R260 -> 91.7
A261: 45057.833 | B261: 3140 | C261: =B261-1 -> 3139 | D261: ="cornerPole" -> cornerPole | E261: 3.9552521 | F261: 0 | G261: =A_corner_STRING_raw!C3141 -> 0 | H261: 63.5 | I261: =G261-F261 -> 0 | J261: =H261-F261 -> 63.5 | K261: 11.055085 | L261: 70 | M261: 64.291 | N261: 62.9 | O261: =M261-L261 -> -5.709 | P261: =N261-L261 -> -7.1 | Q261: 11.055085 | R261: 0 | S261: 0 | T261: 0.9 | U261: =S261-R261 -> 0 | V261: =T261-R261 -> 0.9
A262: 45057.875 | B262: 3141 | C262: =B262-1 -> 3140 | D262: ="cornerPole" -> cornerPole | E262: 0 | F262: 0 | G262: =A_corner_STRING_raw!C3142 -> 0 | H262: 0 | I262: =G262-F262 -> 0 | J262: =H262-F262 -> 0 | K262: 0 | L262: 0 | M262: 0 | N262: 0 | O262: =M262-L262 -> 0 | P262: =N262-L262 -> 0 | Q262: 0 | R262: 0 | S262: 0 | T262: 0 | U262: =S262-R262 -> 0 | V262: =T262-R262 -> 0
A263: 45057.917 | B263: 3142 | C263: =B263-1 -> 3141 | D263: ="cornerPole" -> cornerPole | E263: 0 | F263: 0 | G263: =A_corner_STRING_raw!C3143 -> 0 | H263: 0 | I263: =G263-F263 -> 0 | J263: =H263-F263 -> 0 | K263: 0 | L263: 0 | M263: 0 | N263: 0 | O263: =M263-L263 -> 0 | P263: =N263-L263 -> 0 | Q263: 0 | R263: 0 | S263: 0 | T263: 0 | U263: =S263-R263 -> 0 | V263: =T263-R263 -> 0
A264: 45057.958 | B264: 3143 | C264: =B264-1 -> 3142 | D264: ="cornerPole" -> cornerPole | E264: 0 | F264: 0 | G264: =A_corner_STRING_raw!C3144 -> 0 | H264: 0 | I264: =G264-F264 -> 0 | J264: =H264-F264 -> 0 | K264: 0 | L264: 0 | M264: 0 | N264: 0 | O264: =M264-L264 -> 0 | P264: =N264-L264 -> 0 | Q264: 0 | R264: 0 | S264: 0 | T264: 0 | U264: =S264-R264 -> 0 | V264: =T264-R264 -> 0
A265: 45058 | B265: 3144 | C265: =B265-1 -> 3143 | D265: ="cornerPole" -> cornerPole | E265: 0 | F265: 0 | G265: =A_corner_STRING_raw!C3145 -> 0 | H265: 0 | I265: =G265-F265 -> 0 | J265: =H265-F265 -> 0 | K265: 0 | L265: 0 | M265: 0 | N265: 0 | O265: =M265-L265 -> 0 | P265: =N265-L265 -> 0 | Q265: 0 | R265: 0 | S265: 0 | T265: 0 | U265: =S265-R265 -> 0 | V265: =T265-R265 -> 0
... A1201: 45097 | B1201: 4080 | C1201: =B1201-1 -> 4079 | D1201: ="cornerPole" -> cornerPole | E1201: 0 | F1201: 0 | G1201: =A_corner_STRING_raw!C4081 -> 0 | H1201: 0 | I1201: =G1201-F1201 -> 0 | J1201: =H1201-F1201 -> 0 | K1201: 0 | L1201: 0 | M1201: 0 | N1201: 0 | O1201: =M1201-L1201 -> 0 | P1201: =N1201-L1201 -> 0 | Q1201: 0 | R1201: 0 | S1201: 0 | T1201: 0 | U1201: =S1201-R1201 -> 0 | V1201: =T1201-R1201 -> 0

Sheet Selected_Days
A1: Hour ending | B1: DateTime | C1: A Measured | D1: A IDA | E1: A PVsyst | F1: B Measured | G1: B IDA | H1: B PVsyst | I1: C Measured | J1: C IDA | K1: C PVsyst | M1: Hour ending | N1: DateTime | O1: A Measured | P1: A IDA | Q1: A PVsyst | R1: B Measured | S1: B IDA | T1: B PVsyst | U1: C Measured | V1: C IDA | W1: C PVsyst
A2: June 5, 2023 — 24 hourly intervals (hour ending 1–24) | M2: May 15, 2023 — 24 hourly intervals (hour ending 1–24)
A3: =1 -> 1 | B3: =Reconstruction!A842 -> 45082.042 | C3: =Reconstruction!F842 -> 0 | D3: =Reconstruction!G842 -> 0 | E3: =Reconstruction!H842 -> 0 | F3: =Reconstruction!L842 -> 0 | G3: =Reconstruction!M842 -> 0 | H3: =Reconstruction!N842 -> 0 | I3: =Reconstruction!R842 -> 0 | J3: =Reconstruction!S842 -> 0 | K3: =Reconstruction!T842 -> 0 | M3: =1 -> 1 | N3: =Reconstruction!A338 -> 45061.042 | O3: =Reconstruction!F338 -> 0 | P3: =Reconstruction!G338 -> 0 | Q3: =Reconstruction!H338 -> 0 | R3: =Reconstruction!L338 -> 0 | S3: =Reconstruction!M338 -> 0 | T3: =Reconstruction!N338 -> 0 | U3: =Reconstruction!R338 -> 0 | V3: =Reconstruction!S338 -> 0 | W3: =Reconstruction!T338 -> 0
A4: =2 -> 2 | B4: =Reconstruction!A843 -> 45082.083 | C4: =Reconstruction!F843 -> 0 | D4: =Reconstruction!G843 -> 0 | E4: =Reconstruction!H843 -> 0 | F4: =Reconstruction!L843 -> 0 | G4: =Reconstruction!M843 -> 0 | H4: =Reconstruction!N843 -> 0 | I4: =Reconstruction!R843 -> 0 | J4: =Reconstruction!S843 -> 0 | K4: =Reconstruction!T843 -> 0 | M4: =2 -> 2 | N4: =Reconstruction!A339 -> 45061.083 | O4: =Reconstruction!F339 -> 0 | P4: =Reconstruction!G339 -> 0 | Q4: =Reconstruction!H339 -> 0 | R4: =Reconstruction!L339 -> 0 | S4: =Reconstruction!M339 -> 0 | T4: =Reconstruction!N339 -> 0 | U4: =Reconstruction!R339 -> 0 | V4: =Reconstruction!S339 -> 0 | W4: =Reconstruction!T339 -> 0
A5: =3 -> 3 | B5: =Reconstruction!A844 -> 45082.125 | C5: =Reconstruction!F844 -> 0 | D5: =Reconstruction!G844 -> 0 | E5: =Reconstruction!H844 -> 0 | F5: =Reconstruction!L844 -> 0 | G5: =Reconstruction!M844 -> 0 | H5: =Reconstruction!N844 -> 0 | I5: =Reconstruction!R844 -> 0 | J5: =Reconstruction!S844 -> 0 | K5: =Reconstruction!T844 -> 0 | M5: =3 -> 3 | N5: =Reconstruction!A340 -> 45061.125 | O5: =Reconstruction!F340 -> 0 | P5: =Reconstruction!G340 -> 0 | Q5: =Reconstruction!H340 -> 0 | R5: =Reconstruction!L340 -> 0 | S5: =Reconstruction!M340 -> 0 | T5: =Reconstruction!N340 -> 0 | U5: =Reconstruction!R340 -> 0 | V5: =Reconstruction!S340 -> 0 | W5: =Reconstruction!T340 -> 0
A6: =4 -> 4 | B6: =Reconstruction!A845 -> 45082.167 | C6: =Reconstruction!F845 -> 0 | D6: =Reconstruction!G845 -> 0 | E6: =Reconstruction!H845 -> 0 | F6: =Reconstruction!L845 -> 0 | G6: =Reconstruction!M845 -> 0 | H6: =Reconstruction!N845 -> 0 | I6: =Reconstruction!R845 -> 0 | J6: =Reconstruction!S845 -> 0 | K6: =Reconstruction!T845 -> 0 | M6: =4 -> 4 | N6: =Reconstruction!A341 -> 45061.167 | O6: =Reconstruction!F341 -> 0 | P6: =Reconstruction!G341 -> 0 | Q6: =Reconstruction!H341 -> 0 | R6: =Reconstruction!L341 -> 0 | S6: =Reconstruction!M341 -> 0 | T6: =Reconstruction!N341 -> 0 | U6: =Reconstruction!R341 -> 0 | V6: =Reconstruction!S341 -> 0 | W6: =Reconstruction!T341 -> 0
A7: =5 -> 5 | B7: =Reconstruction!A846 -> 45082.208 | C7: =Reconstruction!F846 -> 24 | D7: =Reconstruction!G846 -> 0 | E7: =Reconstruction!H846 -> 17.1 | F7: =Reconstruction!L846 -> 66 | G7: =Reconstruction!M846 -> 0 | H7: =Reconstruction!N846 -> 18.3 | I7: =Reconstruction!R846 -> 0 | J7: =Reconstruction!S846 -> 0 | K7: =Reconstruction!T846 -> 0 | M7: =5 -> 5 | N7: =Reconstruction!A342 -> 45061.208 | O7: =Reconstruction!F342 -> 5 | P7: =Reconstruction!G342 -> 0 | Q7: =Reconstruction!H342 -> 0 | R7: =Reconstruction!L342 -> 34 | S7: =Reconstruction!M342 -> 0 | T7: =Reconstruction!N342 -> 0 | U7: =Reconstruction!R342 -> 0 | V7: =Reconstruction!S342 -> 0 | W7: =Reconstruction!T342 -> 0
A8: =6 -> 6 | B8: =Reconstruction!A847 -> 45082.25 | C8: =Reconstruction!F847 -> 135 | D8: =Reconstruction!G847 -> 82.828 | E8: =Reconstruction!H847 -> 73.9 | F8: =Reconstruction!L847 -> 82 | G8: =Reconstruction!M847 -> 108.92 | H8: =Reconstruction!N847 -> 103.9 | I8: =Reconstruction!R847 -> 0 | J8: =Reconstruction!S847 -> 0 | K8: =Reconstruction!T847 -> 31.2 | M8: =6 -> 6 | N8: =Reconstruction!A343 -> 45061.25 | O8: =Reconstruction!F343 -> 127 | P8: =Reconstruction!G343 -> 91.505 | Q8: =Reconstruction!H343 -> 66.6 | R8: =Reconstruction!L343 -> 93 | S8: =Reconstruction!M343 -> 85.006 | T8: =Reconstruction!N343 -> 87.5 | U8: =Reconstruction!R343 -> 2 | V8: =Reconstruction!S343 -> 0 | W8: =Reconstruction!T343 -> 18.5
A9: =7 -> 7 | B9: =Reconstruction!A848 -> 45082.292 | C9: =Reconstruction!F848 -> 473 | D9: =Reconstruction!G848 -> 226.23 | E9: =Reconstruction!H848 -> 180.2 | F9: =Reconstruction!L848 -> 338 | G9: =Reconstruction!M848 -> 287.39 | H9: =Reconstruction!N848 -> 305.6 | I9: =Reconstruction!R848 -> 161 | J9: =Reconstruction!S848 -> 152.26 | K9: =Reconstruction!T848 -> 181.4 | M9: =7 -> 7 | N9: =Reconstruction!A344 -> 45061.292 | O9: =Reconstruction!F344 -> 449 | P9: =Reconstruction!G344 -> 251.66 | Q9: =Reconstruction!H344 -> 205.2 | R9: =Reconstruction!L344 -> 322 | S9: =Reconstruction!M344 -> 240.11 | T9: =Reconstruction!N344 -> 323.4 | U9: =Reconstruction!R344 -> 187 | V9: =Reconstruction!S344 -> 106.16 | W9: =Reconstruction!T344 -> 192.9
A10: =8 -> 8 | B10: =Reconstruction!A849 -> 45082.333 | C10: =Reconstruction!F849 -> 860 | D10: =Reconstruction!G849 -> 927.59 | E10: =Reconstruction!H849 -> 962.5 | F10: =Reconstruction!L849 -> 1287 | G10: =Reconstruction!M849 -> 1264 | H10: =Reconstruction!N849 -> 1329.3 | I10: =Reconstruction!R849 -> 751 | J10: =Reconstruction!S849 -> 784.36 | K10: =Reconstruction!T849 -> 926.2 | M10: =8 -> 8 | N10: =Reconstruction!A345 -> 45061.333 | O10: =Reconstruction!F345 -> 278 | P10: =Reconstruction!G345 -> 609.99 | Q10: =Reconstruction!H345 -> 512.4 | R10: =Reconstruction!L345 -> 663 | S10: =Reconstruction!M345 -> 718.13 | T10: =Reconstruction!N345 -> 822.6 | U10: =Reconstruction!R345 -> 368 | V10: =Reconstruction!S345 -> 435.8 | W10: =Reconstruction!T345 -> 561.4
A11: =9 -> 9 | B11: =Reconstruction!A850 -> 45082.375 | C11: =Reconstruction!F850 -> 1171 | D11: =Reconstruction!G850 -> 1335.7 | E11: =Reconstruction!H850 -> 1359.6 | F11: =Reconstruction!L850 -> 2171 | G11: =Reconstruction!M850 -> 2003.8 | H11: =Reconstruction!N850 -> 2137.9 | I11: =Reconstruction!R850 -> 1426 | J11: =Reconstruction!S850 -> 1443.3 | K11: =Reconstruction!T850 -> 1560 | M11: =9 -> 9 | N11: =Reconstruction!A346 -> 45061.375 | O11: =Reconstruction!F346 -> 374 | P11: =Reconstruction!G346 -> 392.71 | Q11: =Reconstruction!H346 -> 366 | R11: =Reconstruction!L346 -> 389 | S11: =Reconstruction!M346 -> 420.72 | T11: =Reconstruction!N346 -> 412.4 | U11: =Reconstruction!R346 -> 217 | V11: =Reconstruction!S346 -> 250.03 | W11: =Reconstruction!T346 -> 260.2
A12: =10 -> 10 | B12: =Reconstruction!A851 -> 45082.417 | C12: =Reconstruction!F851 -> 2275 | D12: =Reconstruction!G851 -> 1891.6 | E12: =Reconstruction!H851 -> 2218.2 | F12: =Reconstruction!L851 -> 2812 | G12: =Reconstruction!M851 -> 2899.4 | H12: =Reconstruction!N851 -> 2751.8 | I12: =Reconstruction!R851 -> 1904 | J12: =Reconstruction!S851 -> 1890.4 | K12: =Reconstruction!T851 -> 2015.2 | M12: =10 -> 10 | N12: =Reconstruction!A347 -> 45061.417 | O12: =Reconstruction!F347 -> 547 | P12: =Reconstruction!G347 -> 485.79 | Q12: =Reconstruction!H347 -> 445.6 | R12: =Reconstruction!L347 -> 582 | S12: =Reconstruction!M347 -> 556.86 | T12: =Reconstruction!N347 -> 484.7 | U12: =Reconstruction!R347 -> 328 | V12: =Reconstruction!S347 -> 329.06 | W12: =Reconstruction!T347 -> 311.8
A13: =11 -> 11 | B13: =Reconstruction!A852 -> 45082.458 | C13: =Reconstruction!F852 -> 2856 | D13: =Reconstruction!G852 -> 2543.2 | E13: =Reconstruction!H852 -> 2757.2 | F13: =Reconstruction!L852 -> 3535 | G13: =Reconstruction!M852 -> 3282.9 | H13: =Reconstruction!N852 -> 3296 | I13: =Reconstruction!R852 -> 2333 | J13: =Reconstruction!S852 -> 2299.3 | K13: =Reconstruction!T852 -> 2400.5 | M13: =11 -> 11 | N13: =Reconstruction!A348 -> 45061.458 | O13: =Reconstruction!F348 -> 1622 | P13: =Reconstruction!G348 -> 762.26 | Q13: =Reconstruction!H348 -> 671.5 | R13: =Reconstruction!L348 -> 1423 | S13: =Reconstruction!M348 -> 821.56 | T13: =Reconstruction!N348 -> 737 | U13: =Reconstruction!R348 -> 976 | V13: =Reconstruction!S348 -> 564.38 | W13: =Reconstruction!T348 -> 490.7
A14: =12 -> 12 | B14: =Reconstruction!A853 -> 45082.5 | C14: =Reconstruction!F853 -> 3078 | D14: =Reconstruction!G853 -> 2878.4 | E14: =Reconstruction!H853 -> 3050.3 | F14: =Reconstruction!L853 -> 3889 | G14: =Reconstruction!M853 -> 3584.2 | H14: =Reconstruction!N853 -> 3628.2 | I14: =Reconstruction!R853 -> 2544 | J14: =Reconstruction!S853 -> 2719.1 | K14: =Reconstruction!T853 -> 2623.5 | M14: =12 -> 12 | N14: =Reconstruction!A349 -> 45061.5 | O14: =Reconstruction!F349 -> 3079 | P14: =Reconstruction!G349 -> 2668.2 | Q14: =Reconstruction!H349 -> 2965.5 | R14: =Reconstruction!L349 -> 3691 | S14: =Reconstruction!M349 -> 3404.4 | T14: =Reconstruction!N349 -> 3512.6 | U14: =Reconstruction!R349 -> 2535 | V14: =Reconstruction!S349 -> 2512.1 | W14: =Reconstruction!T349 -> 2562.3
A15: =13 -> 13 | B15: =Reconstruction!A854 -> 45082.542 | C15: =Reconstruction!F854 -> 3208 | D15: =Reconstruction!G854 -> 3005.3 | E15: =Reconstruction!H854 -> 3112.9 | F15: =Reconstruction!L854 -> 3946 | G15: =Reconstruction!M854 -> 3697 | H15: =Reconstruction!N854 -> 3725.5 | I15: =Reconstruction!R854 -> 2639 | J15: =Reconstruction!S854 -> 2803.8 | K15: =Reconstruction!T854 -> 2683.9 | M15: =13 -> 13 | N15: =Reconstruction!A350 -> 45061.542 | O15: =Reconstruction!F350 -> 3032 | P15: =Reconstruction!G350 -> 2924.4 | Q15: =Reconstruction!H350 -> 3120.9 | R15: =Reconstruction!L350 -> 3668 | S15: =Reconstruction!M350 -> 3749.2 | T15: =Reconstruction!N350 -> 3835.7 | U15: =Reconstruction!R350 -> 2504 | V15: =Reconstruction!S350 -> 2845.3 | W15: =Reconstruction!T350 -> 2770.3
A16: =14 -> 14 | B16: =Reconstruction!A855 -> 45082.583 | C16: =Reconstruction!F855 -> 3082 | D16: =Reconstruction!G855 -> 2978.8 | E16: =Reconstruction!H855 -> 3075.7 | F16: =Reconstruction!L855 -> 3784 | G16: =Reconstruction!M855 -> 3444.7 | H16: =Reconstruction!N855 -> 3605.2 | I16: =Reconstruction!R855 -> 2525 | J16: =Reconstruction!S855 -> 2629.6 | K16: =Reconstruction!T855 -> 2600.3 | M16: =14 -> 14 | N16: =Reconstruction!A351 -> 45061.583 | O16: =Reconstruction!F351 -> 774 | P16: =Reconstruction!G351 -> 2015.3 | Q16: =Reconstruction!H351 -> 2302.2 | R16: =Reconstruction!L351 -> 1773 | S16: =Reconstruction!M351 -> 2312.4 | T16: =Reconstruction!N351 -> 2630.5 | U16: =Reconstruction!R351 -> 1185 | V16: =Reconstruction!S351 -> 1651.3 | W16: =Reconstruction!T351 -> 1919.3
A17: =15 -> 15 | B17: =Reconstruction!A856 -> 45082.625 | C17: =Reconstruction!F856 -> 2703 | D17: =Reconstruction!G856 -> 2642.4 | E17: =Reconstruction!H856 -> 2810.7 | F17: =Reconstruction!L856 -> 3402 | G17: =Reconstruction!M856 -> 3116.2 | H17: =Reconstruction!N856 -> 3274.3 | I17: =Reconstruction!R856 -> 2274 | J17: =Reconstruction!S856 -> 2382.8 | K17: =Reconstruction!T856 -> 2375.9 | M17: =15 -> 15 | N17: =Reconstruction!A352 -> 45061.625 | O17: =Reconstruction!F352 -> 153 | P17: =Reconstruction!G352 -> 197.86 | Q17: =Reconstruction!H352 -> 200.4 | R17: =Reconstruction!L352 -> 107 | S17: =Reconstruction!M352 -> 217.15 | T17: =Reconstruction!N352 -> 215.7 | U17: =Reconstruction!R352 -> 36 | V17: =Reconstruction!S352 -> 109.54 | W17: =Reconstruction!T352 -> 119.2
A18: =16 -> 16 | B18: =Reconstruction!A857 -> 45082.667 | C18: =Reconstruction!F857 -> 2116 | D18: =Reconstruction!G857 -> 2197.5 | E18: =Reconstruction!H857 -> 2351.9 | F18: =Reconstruction!L857 -> 2788 | G18: =Reconstruction!M857 -> 2687.2 | H18: =Reconstruction!N857 -> 2751.5 | I18: =Reconstruction!R857 -> 1838 | J18: =Reconstruction!S857 -> 1946.1 | K18: =Reconstruction!T857 -> 2003.8 | M18: =16 -> 16 | N18: =Reconstruction!A353 -> 45061.667 | O18: =Reconstruction!F353 -> 419 | P18: =Reconstruction!G353 -> 414.34 | Q18: =Reconstruction!H353 -> 401.7 | R18: =Reconstruction!L353 -> 490 | S18: =Reconstruction!M353 -> 441.21 | T18: =Reconstruction!N353 -> 432.8 | U18: =Reconstruction!R353 -> 287 | V18: =Reconstruction!S353 -> 263.81 | W18: =Reconstruction!T353 -> 275.1
A19: =17 -> 17 | B19: =Reconstruction!A858 -> 45082.708 | C19: =Reconstruction!F858 -> 1413 | D19: =Reconstruction!G858 -> 1413.1 | E19: =Reconstruction!H858 -> 1629.8 | F19: =Reconstruction!L858 -> 1754 | G19: =Reconstruction!M858 -> 1790.5 | H19: =Reconstruction!N858 -> 1821.4 | I19: =Reconstruction!R858 -> 1204 | J19: =Reconstruction!S858 -> 1198.7 | K19: =Reconstruction!T858 -> 1400.7 | M19: =17 -> 17 | N19: =Reconstruction!A354 -> 45061.708 | O19: =Reconstruction!F354 -> 193 | P19: =Reconstruction!G354 -> 304.83 | Q19: =Reconstruction!H354 -> 293.4 | R19: =Reconstruction!L354 -> 299 | S19: =Reconstruction!M354 -> 281.72 | T19: =Reconstruction!N354 -> 305.4 | U19: =Reconstruction!R354 -> 156 | V19: =Reconstruction!S354 -> 147.55 | W19: =Reconstruction!T354 -> 183.5
A20: =18 -> 18 | B20: =Reconstruction!A859 -> 45082.75 | C20: =Reconstruction!F859 -> 598 | D20: =Reconstruction!G859 -> 877.83 | E20: =Reconstruction!H859 -> 839.1 | F20: =Reconstruction!L859 -> 750 | G20: =Reconstruction!M859 -> 744.07 | H20: =Reconstruction!N859 -> 865.3 | I20: =Reconstruction!R859 -> 510 | J20: =Reconstruction!S859 -> 763.79 | K20: =Reconstruction!T859 -> 695.5 | M20: =18 -> 18 | N20: =Reconstruction!A355 -> 45061.75 | O20: =Reconstruction!F355 -> 42 | P20: =Reconstruction!G355 -> 83.782 | Q20: =Reconstruction!H355 -> 76.2 | R20: =Reconstruction!L355 -> 82 | S20: =Reconstruction!M355 -> 75.176 | T20: =Reconstruction!N355 -> 72.9 | U20: =Reconstruction!R355 -> 0 | V20: =Reconstruction!S355 -> 0 | W20: =Reconstruction!T355 -> 7.9
A21: =19 -> 19 | B21: =Reconstruction!A860 -> 45082.792 | C21: =Reconstruction!F860 -> 144 | D21: =Reconstruction!G860 -> 435.17 | E21: =Reconstruction!H860 -> 306.7 | F21: =Reconstruction!L860 -> 174 | G21: =Reconstruction!M860 -> 392.28 | H21: =Reconstruction!N860 -> 336.3 | I21: =Reconstruction!R860 -> 79 | J21: =Reconstruction!S860 -> 235.21 | K21: =Reconstruction!T860 -> 204.4 | M21: =19 -> 19 | N21: =Reconstruction!A356 -> 45061.792 | O21: =Reconstruction!F356 -> 134 | P21: =Reconstruction!G356 -> 126.04 | Q21: =Reconstruction!H356 -> 132.5 | R21: =Reconstruction!L356 -> 145 | S21: =Reconstruction!M356 -> 139.9 | T21: =Reconstruction!N356 -> 148.9 | U21: =Reconstruction!R356 -> 55 | V21: =Reconstruction!S356 -> 0 | W21: =Reconstruction!T356 -> 66.6
A22: =20 -> 20 | B22: =Reconstruction!A861 -> 45082.833 | C22: =Reconstruction!F861 -> 75 | D22: =Reconstruction!G861 -> 115.28 | E22: =Reconstruction!H861 -> 106.6 | F22: =Reconstruction!L861 -> 80 | G22: =Reconstruction!M861 -> 129.32 | H22: =Reconstruction!N861 -> 120.3 | I22: =Reconstruction!R861 -> 0 | J22: =Reconstruction!S861 -> 0 | K22: =Reconstruction!T861 -> 45 | M22: =20 -> 20 | N22: =Reconstruction!A357 -> 45061.833 | O22: =Reconstruction!F357 -> 53 | P22: =Reconstruction!G357 -> 0 | Q22: =Reconstruction!H357 -> 22.5 | R22: =Reconstruction!L357 -> 105 | S22: =Reconstruction!M357 -> 46.098 | T22: =Reconstruction!N357 -> 51.5 | U22: =Reconstruction!R357 -> 20 | V22: =Reconstruction!S357 -> 0 | W22: =Reconstruction!T357 -> 0
A23: =21 -> 21 | B23: =Reconstruction!A862 -> 45082.875 | C23: =Reconstruction!F862 -> 0 | D23: =Reconstruction!G862 -> 0 | E23: =Reconstruction!H862 -> 39.1 | F23: =Reconstruction!L862 -> 57 | G23: =Reconstruction!M862 -> 0 | H23: =Reconstruction!N862 -> 40.3 | I23: =Reconstruction!R862 -> 0 | J23: =Reconstruction!S862 -> 0 | K23: =Reconstruction!T862 -> 0 | M23: =21 -> 21 | N23: =Reconstruction!A358 -> 45061.875 | O23: =Reconstruction!F358 -> 0 | P23: =Reconstruction!G358 -> 0 | Q23: =Reconstruction!H358 -> 0 | R23: =Reconstruction!L358 -> 1 | S23: =Reconstruction!M358 -> 0 | T23: =Reconstruction!N358 -> 0 | U23: =Reconstruction!R358 -> 0 | V23: =Reconstruction!S358 -> 0 | W23: =Reconstruction!T358 -> 0
A24: =22 -> 22 | B24: =Reconstruction!A863 -> 45082.917 | C24: =Reconstruction!F863 -> 0 | D24: =Reconstruction!G863 -> 0 | E24: =Reconstruction!H863 -> 0 | F24: =Reconstruction!L863 -> 0 | G24: =Reconstruction!M863 -> 0 | H24: =Reconstruction!N863 -> 0 | I24: =Reconstruction!R863 -> 0 | J24: =Reconstruction!S863 -> 0 | K24: =Reconstruction!T863 -> 0 | M24: =22 -> 22 | N24: =Reconstruction!A359 -> 45061.917 | O24: =Reconstruction!F359 -> 0 | P24: =Reconstruction!G359 -> 0 | Q24: =Reconstruction!H359 -> 0 | R24: =Reconstruction!L359 -> 0 | S24: =Reconstruction!M359 -> 0 | T24: =Reconstruction!N359 -> 0 | U24: =Reconstruction!R359 -> 0 | V24: =Reconstruction!S359 -> 0 | W24: =Reconstruction!T359 -> 0
A25: =23 -> 23 | B25: =Reconstruction!A864 -> 45082.958 | C25: =Reconstruction!F864 -> 0 | D25: =Reconstruction!G864 -> 0 | E25: =Reconstruction!H864 -> 0 | F25: =Reconstruction!L864 -> 0 | G25: =Reconstruction!M864 -> 0 | H25: =Reconstruction!N864 -> 0 | I25: =Reconstruction!R864 -> 0 | J25: =Reconstruction!S864 -> 0 | K25: =Reconstruction!T864 -> 0 | M25: =23 -> 23 | N25: =Reconstruction!A360 -> 45061.958 | O25: =Reconstruction!F360 -> 0 | P25: =Reconstruction!G360 -> 0 | Q25: =Reconstruction!H360 -> 0 | R25: =Reconstruction!L360 -> 0 | S25: =Reconstruction!M360 -> 0 | T25: =Reconstruction!N360 -> 0 | U25: =Reconstruction!R360 -> 0 | V25: =Reconstruction!S360 -> 0 | W25: =Reconstruction!T360 -> 0
A26: =24 -> 24 | B26: =Reconstruction!A865 -> 45083 | C26: =Reconstruction!F865 -> 0 | D26: =Reconstruction!G865 -> 0 | E26: =Reconstruction!H865 -> 0 | F26: =Reconstruction!L865 -> 0 | G26: =Reconstruction!M865 -> 0 | H26: =Reconstruction!N865 -> 0 | I26: =Reconstruction!R865 -> 0 | J26: =Reconstruction!S865 -> 0 | K26: =Reconstruction!T865 -> 0 | M26: =24 -> 24 | N26: =Reconstruction!A361 -> 45062 | O26: =Reconstruction!F361 -> 0 | P26: =Reconstruction!G361 -> 0 | Q26: =Reconstruction!H361 -> 0 | R26: =Reconstruction!L361 -> 0 | S26: =Reconstruction!M361 -> 0 | T26: =Reconstruction!N361 -> 0 | U26: =Reconstruction!R361 -> 0 | V26: =Reconstruction!S361 -> 0 | W26: =Reconstruction!T361 -> 0
A27: Total [Wh] | C27: =SUM(C3:C26) -> 24211 | D27: =SUM(D3:D26) -> 23550.928 | E27: =SUM(E3:E26) -> 24891.5 | F27: =SUM(F3:F26) -> 30915 | G27: =SUM(G3:G26) -> 29431.88 | H27: =SUM(H3:H26) -> 30111.1 | I27: =SUM(I3:I26) -> 20188 | J27: =SUM(J3:J26) -> 21248.72 | K27: =SUM(K3:K26) -> 21747.5 | M27: Total [Wh] | O27: =SUM(O3:O26) -> 11281 | P27: =SUM(P3:P26) -> 11328.667 | Q27: =SUM(Q3:Q26) -> 11782.6 | R27: =SUM(R3:R26) -> 13867 | S27: =SUM(S3:S26) -> 13509.64 | T27: =SUM(T3:T26) -> 14073.6 | U27: =SUM(U3:U26) -> 8856 | V27: =SUM(V3:V26) -> 9215.03 | W27: =SUM(W3:W26) -> 9739.7

Sheet Results_Tables
A1: Definitive replacement results — Tables 7–9
A3: Table 7 — Clear day, June 5, 2023 (Simulated − Measured)
A4: System | B4: Measured [kWh] | C4: Software | D4: Simulated [kWh] | E4: Difference [kWh] | F4: Difference [%] | G4: Source
A5: A | B5: =Selected_Days!C27/1000 -> 24.211 | C5: IDA ICE | D5: =Selected_Days!D27/1000 -> 23.550928 | E5: =D5-B5 -> -0.660072 | F5: =E5/B5 -> -0.02726331 | G5: A raw stitched/aligned
A6: A | B6: =Selected_Days!C27/1000 -> 24.211 | C6: PVsyst | D6: =Selected_Days!E27/1000 -> 24.8915 | E6: =D6-B6 -> 0.6805 | F6: =E6/B6 -> 0.028107059 | G6: PVsyst comparison series
A7: B | B7: =Selected_Days!F27/1000 -> 30.915 | C7: IDA ICE | D7: =Selected_Days!G27/1000 -> 29.43188 | E7: =D7-B7 -> -1.48312 | F7: =E7/B7 -> -0.047974123 | G7: P8IDA_2 corrected
A8: B | B8: =Selected_Days!F27/1000 -> 30.915 | C8: PVsyst | D8: =Selected_Days!H27/1000 -> 30.1111 | E8: =D8-B8 -> -0.8039 | F8: =E8/B8 -> -0.026003558 | G8: PVsyst comparison series
A9: C | B9: =Selected_Days!I27/1000 -> 20.188 | C9: IDA ICE | D9: =Selected_Days!J27/1000 -> 21.24872 | E9: =D9-B9 -> 1.06072 | F9: =E9/B9 -> 0.052542104 | G9: P9IDA
A10: C | B10: =Selected_Days!I27/1000 -> 20.188 | C10: PVsyst | D10: =Selected_Days!K27/1000 -> 21.7475 | E10: =D10-B10 -> 1.5595 | F10: =E10/B10 -> 0.077248861 | G10: PVsyst comparison series
A13: Table 8 — Partly cloudy day, May 15, 2023 (Simulated − Measured)
A14: System | B14: Measured [kWh] | C14: Software | D14: Simulated [kWh] | E14: Difference [kWh] | F14: Difference [%] | G14: Source
A15: A | B15: =Selected_Days!O27/1000 -> 11.281 | C15: IDA ICE | D15: =Selected_Days!P27/1000 -> 11.328667 | E15: =D15-B15 -> 0.047667 | F15: =E15/B15 -> 0.0042254233 | G15: A raw stitched/aligned
A16: A | B16: =Selected_Days!O27/1000 -> 11.281 | C16: PVsyst | D16: =Selected_Days!Q27/1000 -> 11.7826 | E16: =D16-B16 -> 0.5016 | F16: =E16/B16 -> 0.044464143 | G16: PVsyst comparison series
A17: B | B17: =Selected_Days!R27/1000 -> 13.867 | C17: IDA ICE | D17: =Selected_Days!S27/1000 -> 13.50964 | E17: =D17-B17 -> -0.35736 | F17: =E17/B17 -> -0.025770534 | G17: P8IDA_2 corrected
A18: B | B18: =Selected_Days!R27/1000 -> 13.867 | C18: PVsyst | D18: =Selected_Days!T27/1000 -> 14.0736 | E18: =D18-B18 -> 0.2066 | F18: =E18/B18 -> 0.01489868 | G18: PVsyst comparison series
A19: C | B19: =Selected_Days!U27/1000 -> 8.856 | C19: IDA ICE | D19: =Selected_Days!V27/1000 -> 9.21503 | E19: =D19-B19 -> 0.35903 | F19: =E19/B19 -> 0.040540876 | G19: P9IDA
A20: C | B20: =Selected_Days!U27/1000 -> 8.856 | C20: PVsyst | D20: =Selected_Days!W27/1000 -> 9.7397 | E20: =D20-B20 -> 0.8837 | F20: =E20/B20 -> 0.099785456 | G20: PVsyst comparison series
A23: Table 9 — Full measurement period, May 1–June 19, 2023 (Simulated − Measured)
A24: System | B24: Measured [kWh] | C24: Software | D24: Simulated [kWh] | E24: Difference [kWh] | F24: Difference [%] | G24: Source
A25: A | B25: =SUM(Reconstruction!F2:F1201)/1000 -> 1021.408 | C25: IDA ICE | D25: =SUM(Reconstruction!G2:G1201)/1000 -> 1019.3436 | E25: =D25-B25 -> -2.064377 | F25: =E25/B25 -> -0.0020211091 | G25: A raw stitched/aligned
A26: A | B26: =SUM(Reconstruction!F2:F1201)/1000 -> 1021.408 | C26: PVsyst | D26: =SUM(Reconstruction!H2:H1201)/1000 -> 1020.6063 | E26: =D26-B26 -> -0.8017 | F26: =E26/B26 -> -0.00078489693 | G26: PVsyst comparison series
A27: B | B27: =SUM(Reconstruction!L2:L1201)/1000 -> 1319.352 | C27: IDA ICE | D27: =SUM(Reconstruction!M2:M1201)/1000 -> 1253.5218 | E27: =D27-B27 -> -65.830212 | F27: =E27/B27 -> -0.049895867 | G27: P8IDA_2 corrected
A28: B | B28: =SUM(Reconstruction!L2:L1201)/1000 -> 1319.352 | C28: PVsyst | D28: =SUM(Reconstruction!N2:N1201)/1000 -> 1294.1203 | E28: =D28-B28 -> -25.2317 | F28: =E28/B28 -> -0.019124313 | G28: PVsyst comparison series
A29: C | B29: =SUM(Reconstruction!R2:R1201)/1000 -> 867.19 | C29: IDA ICE | D29: =SUM(Reconstruction!S2:S1201)/1000 -> 901.41122 | E29: =D29-B29 -> 34.221219 | F29: =E29/B29 -> 0.039462193 | G29: P9IDA
A30: C | B30: =SUM(Reconstruction!R2:R1201)/1000 -> 867.19 | C30: PVsyst | D30: =SUM(Reconstruction!T2:T1201)/1000 -> 936.6602 | E30: =D30-B30 -> 69.4702 | F30: =E30/B30 -> 0.080109549 | G30: PVsyst comparison series

Sheet Diagnostics
A1: Full-period hourly diagnostics and System A geometry split
A3: System | B3: Software | C3: n | D3: Mean measured [W] | E3: RMSE [W] | F3: CV(RMSE) | G3: Bias
A4: A | B4: IDA ICE | C4: =COUNTIF(Reconstruction!E2:E1201,">0") -> 932 | D4: =SUMPRODUCT(--(Reconstruction!E2:E1201>0),Reconstruction!F2:F1201)/C4 -> 1095.8809 | E4: =SQRT(SUMPRODUCT(--(Reconstruction!E2:E1201>0),Reconstruction!I2:I1201*Reconstruction!I2:I1201)/C4) -> 278.17624 | F4: =E4/D4 -> 0.25383802 | G4: =SUMPRODUCT(--(Reconstruction!E2:E1201>0),Reconstruction!I2:I1201)/SUMPRODUCT(--(Reconstruction!E2:E1201>0),Reconstruction!F2:F1201) -> -0.0019751851
A5: A | B5: PVsyst | C5: =COUNTIF(Reconstruction!E2:E1201,">0") -> 932 | D5: =SUMPRODUCT(--(Reconstruction!E2:E1201>0),Reconstruction!F2:F1201)/C5 -> 1095.8809 | E5: =SQRT(SUMPRODUCT(--(Reconstruction!E2:E1201>0),Reconstruction!J2:J1201*Reconstruction!J2:J1201)/C5) -> 251.77838 | F5: =E5/D5 -> 0.22974976 | G5: =SUMPRODUCT(--(Reconstruction!E2:E1201>0),Reconstruction!J2:J1201)/SUMPRODUCT(--(Reconstruction!E2:E1201>0),Reconstruction!F2:F1201) -> -0.00077484846
A6: B | B6: IDA ICE | C6: =COUNTIF(Reconstruction!K2:K1201,">0") -> 886 | D6: =SUMPRODUCT(--(Reconstruction!K2:K1201>0),Reconstruction!L2:L1201)/C6 -> 1488.9842 | E6: =SQRT(SUMPRODUCT(--(Reconstruction!K2:K1201>0),Reconstruction!O2:O1201*Reconstruction!O2:O1201)/C6) -> 213.32363 | F6: =E6/D6 -> 0.1432679 | G6: =SUMPRODUCT(--(Reconstruction!K2:K1201>0),Reconstruction!O2:O1201)/SUMPRODUCT(--(Reconstruction!K2:K1201>0),Reconstruction!L2:L1201) -> -0.049815206
A7: B | B7: PVsyst | C7: =COUNTIF(Reconstruction!K2:K1201,">0") -> 886 | D7: =SUMPRODUCT(--(Reconstruction!K2:K1201>0),Reconstruction!L2:L1201)/C7 -> 1488.9842 | E7: =SQRT(SUMPRODUCT(--(Reconstruction!K2:K1201>0),Reconstruction!P2:P1201*Reconstruction!P2:P1201)/C7) -> 198.83295 | F7: =E7/D7 -> 0.13353597 | G7: =SUMPRODUCT(--(Reconstruction!K2:K1201>0),Reconstruction!P2:P1201)/SUMPRODUCT(--(Reconstruction!K2:K1201>0),Reconstruction!L2:L1201) -> -0.019053167
A8: C | B8: IDA ICE | C8: =COUNTIF(Reconstruction!Q2:Q1201,">0") -> 886 | D8: =SUMPRODUCT(--(Reconstruction!Q2:Q1201>0),Reconstruction!R2:R1201)/C8 -> 978.76975 | E8: =SQRT(SUMPRODUCT(--(Reconstruction!Q2:Q1201>0),Reconstruction!U2:U1201*Reconstruction!U2:U1201)/C8) -> 182.65852 | F8: =E8/D8 -> 0.18662052 | G8: =SUMPRODUCT(--(Reconstruction!Q2:Q1201>0),Reconstruction!U2:U1201)/SUMPRODUCT(--(Reconstruction!Q2:Q1201>0),Reconstruction!R2:R1201) -> 0.039462193
A9: C | B9: PVsyst | C9: =COUNTIF(Reconstruction!Q2:Q1201,">0") -> 886 | D9: =SUMPRODUCT(--(Reconstruction!Q2:Q1201>0),Reconstruction!R2:R1201)/C9 -> 978.76975 | E9: =SQRT(SUMPRODUCT(--(Reconstruction!Q2:Q1201>0),Reconstruction!V2:V1201*Reconstruction!V2:V1201)/C9) -> 253.6952 | F9: =E9/D9 -> 0.25919804 | G9: =SUMPRODUCT(--(Reconstruction!Q2:Q1201>0),Reconstruction!V2:V1201)/SUMPRODUCT(--(Reconstruction!Q2:Q1201>0),Reconstruction!R2:R1201) -> 0.080109549
A12: System A / 3 — cumulative energy split at physical pole move
A13: Period | B13: Rows | C13: Measured [kWh] | D13: IDA ICE [kWh] | E13: Difference [kWh] | F13: Difference [%]
A14: Before move: intervals May 1 00:00 through May 11 12:00 | B14: 252 | C14: =SUM(Reconstruction!F2:F253)/1000 -> 220.66 | D14: =SUM(Reconstruction!G2:G253)/1000 -> 248.53776 | E14: =D14-C14 -> 27.877759 | F14: =E14/C14 -> 0.12633807
A15: After move: intervals May 11 12:00 through June 20 00:00 | B15: 948 | C15: =SUM(Reconstruction!F254:F1201)/1000 -> 800.748 | D15: =SUM(Reconstruction!G254:G1201)/1000 -> 770.80586 | E15: =D15-C15 -> -29.942136 | F15: =E15/C15 -> -0.037392708
A18: Interpretation
A19: System A's near-zero full-period energy bias is caused by cancellation across the two shading configurations; report hourly CV(RMSE) alongside the cumulative bias.

Sheet A_Alignment_Check
A1: System A raw timestamp alignment check — June 5, 2023
A3: Hour ending | B3: Comparison DateTime | C3: Measured P3 | D3: IDA no-shadow (processed) | E3: Raw corner same-index (wrong) | F3: Raw corner aligned (used) | G3: Aligned − measured | H3: Comment
A4: =1 -> 1 | B4: =Reconstruction!A842 -> 45082.042 | C4: =Reconstruction!F842 -> 0 | D4: =Source_vs_period!E842 -> 0 | E4: =A_corner_STRING_raw!C3723 -> 0 | F4: =Reconstruction!G842 -> 0 | G4: =F4-C4 -> 0 | H4: ="Raw t maps to comparison t+1" -> Raw t maps to comparison t+1
A5: =2 -> 2 | B5: =Reconstruction!A843 -> 45082.083 | C5: =Reconstruction!F843 -> 0 | D5: =Source_vs_period!E843 -> 0 | E5: =A_corner_STRING_raw!C3724 -> 0 | F5: =Reconstruction!G843 -> 0 | G5: =F5-C5 -> 0 | H5: ="Raw t maps to comparison t+1" -> Raw t maps to comparison t+1
A6: =3 -> 3 | B6: =Reconstruction!A844 -> 45082.125 | C6: =Reconstruction!F844 -> 0 | D6: =Source_vs_period!E844 -> 0 | E6: =A_corner_STRING_raw!C3725 -> 0 | F6: =Reconstruction!G844 -> 0 | G6: =F6-C6 -> 0 | H6: ="Raw t maps to comparison t+1" -> Raw t maps to comparison t+1
A7: =4 -> 4 | B7: =Reconstruction!A845 -> 45082.167 | C7: =Reconstruction!F845 -> 0 | D7: =Source_vs_period!E845 -> 0 | E7: =A_corner_STRING_raw!C3726 -> 0 | F7: =Reconstruction!G845 -> 0 | G7: =F7-C7 -> 0 | H7: ="Raw t maps to comparison t+1" -> Raw t maps to comparison t+1
A8: =5 -> 5 | B8: =Reconstruction!A846 -> 45082.208 | C8: =Reconstruction!F846 -> 24 | D8: =Source_vs_period!E846 -> 0 | E8: =A_corner_STRING_raw!C3727 -> 82.828 | F8: =Reconstruction!G846 -> 0 | G8: =F8-C8 -> -24 | H8: ="Raw t maps to comparison t+1" -> Raw t maps to comparison t+1
A9: =6 -> 6 | B9: =Reconstruction!A847 -> 45082.25 | C9: =Reconstruction!F847 -> 135 | D9: =Source_vs_period!E847 -> 82.936 | E9: =A_corner_STRING_raw!C3728 -> 226.23 | F9: =Reconstruction!G847 -> 82.828 | G9: =F9-C9 -> -52.172 | H9: ="Raw t maps to comparison t+1" -> Raw t maps to comparison t+1
A10: =7 -> 7 | B10: =Reconstruction!A848 -> 45082.292 | C10: =Reconstruction!F848 -> 473 | D10: =Source_vs_period!E848 -> 225.02 | E10: =A_corner_STRING_raw!C3729 -> 927.59 | F10: =Reconstruction!G848 -> 226.23 | G10: =F10-C10 -> -246.77 | H10: ="Raw t maps to comparison t+1" -> Raw t maps to comparison t+1
A11: =8 -> 8 | B11: =Reconstruction!A849 -> 45082.333 | C11: =Reconstruction!F849 -> 860 | D11: =Source_vs_period!E849 -> 920.85 | E11: =A_corner_STRING_raw!C3730 -> 1335.7 | F11: =Reconstruction!G849 -> 927.59 | G11: =F11-C11 -> 67.59 | H11: ="Raw t maps to comparison t+1" -> Raw t maps to comparison t+1
A12: =9 -> 9 | B12: =Reconstruction!A850 -> 45082.375 | C12: =Reconstruction!F850 -> 1171 | D12: =Source_vs_period!E850 -> 1548.8 | E12: =A_corner_STRING_raw!C3731 -> 1891.6 | F12: =Reconstruction!G850 -> 1335.7 | G12: =F12-C12 -> 164.7 | H12: ="Raw t maps to comparison t+1" -> Raw t maps to comparison t+1
A13: =10 -> 10 | B13: =Reconstruction!A851 -> 45082.417 | C13: =Reconstruction!F851 -> 2275 | D13: =Source_vs_period!E851 -> 2111.3 | E13: =A_corner_STRING_raw!C3732 -> 2543.2 | F13: =Reconstruction!G851 -> 1891.6 | G13: =F13-C13 -> -383.4 | H13: ="Raw t maps to comparison t+1" -> Raw t maps to comparison t+1
A14: =11 -> 11 | B14: =Reconstruction!A852 -> 45082.458 | C14: =Reconstruction!F852 -> 2856 | D14: =Source_vs_period!E852 -> 2697 | E14: =A_corner_STRING_raw!C3733 -> 2878.4 | F14: =Reconstruction!G852 -> 2543.2 | G14: =F14-C14 -> -312.8 | H14: ="Raw t maps to comparison t+1" -> Raw t maps to comparison t+1
A15: =12 -> 12 | B15: =Reconstruction!A853 -> 45082.5 | C15: =Reconstruction!F853 -> 3078 | D15: =Source_vs_period!E853 -> 2988.1 | E15: =A_corner_STRING_raw!C3734 -> 3005.3 | F15: =Reconstruction!G853 -> 2878.4 | G15: =F15-C15 -> -199.6 | H15: ="Raw t maps to comparison t+1" -> Raw t maps to comparison t+1
A16: =13 -> 13 | B16: =Reconstruction!A854 -> 45082.542 | C16: =Reconstruction!F854 -> 3208 | D16: =Source_vs_period!E854 -> 3097.4 | E16: =A_corner_STRING_raw!C3735 -> 2978.8 | F16: =Reconstruction!G854 -> 3005.3 | G16: =F16-C16 -> -202.7 | H16: ="Raw t maps to comparison t+1" -> Raw t maps to comparison t+1
A17: =14 -> 14 | B17: =Reconstruction!A855 -> 45082.583 | C17: =Reconstruction!F855 -> 3082 | D17: =Source_vs_period!E855 -> 2986.7 | E17: =A_corner_STRING_raw!C3736 -> 2642.4 | F17: =Reconstruction!G855 -> 2978.8 | G17: =F17-C17 -> -103.2 | H17: ="Raw t maps to comparison t+1" -> Raw t maps to comparison t+1
A18: =15 -> 15 | B18: =Reconstruction!A856 -> 45082.625 | C18: =Reconstruction!F856 -> 2703 | D18: =Source_vs_period!E856 -> 2536.9 | E18: =A_corner_STRING_raw!C3737 -> 2197.5 | F18: =Reconstruction!G856 -> 2642.4 | G18: =F18-C18 -> -60.6 | H18: ="Raw t maps to comparison t+1" -> Raw t maps to comparison t+1
A19: =16 -> 16 | B19: =Reconstruction!A857 -> 45082.667 | C19: =Reconstruction!F857 -> 2116 | D19: =Source_vs_period!E857 -> 2071.4 | E19: =A_corner_STRING_raw!C3738 -> 1413.1 | F19: =Reconstruction!G857 -> 2197.5 | G19: =F19-C19 -> 81.5 | H19: ="Raw t maps to comparison t+1" -> Raw t maps to comparison t+1
A20: =17 -> 17 | B20: =Reconstruction!A858 -> 45082.708 | C20: =Reconstruction!F858 -> 1413 | D20: =Source_vs_period!E858 -> 1421.4 | E20: =A_corner_STRING_raw!C3739 -> 877.83 | F20: =Reconstruction!G858 -> 1413.1 | G20: =F20-C20 -> 0.1 | H20: ="Raw t maps to comparison t+1" -> Raw t maps to comparison t+1
A21: =18 -> 18 | B21: =Reconstruction!A859 -> 45082.75 | C21: =Reconstruction!F859 -> 598 | D21: =Source_vs_period!E859 -> 795.33 | E21: =A_corner_STRING_raw!C3740 -> 435.17 | F21: =Reconstruction!G859 -> 877.83 | G21: =F21-C21 -> 279.83 | H21: ="Raw t maps to comparison t+1" -> Raw t maps to comparison t+1
A22: =19 -> 19 | B22: =Reconstruction!A860 -> 45082.792 | C22: =Reconstruction!F860 -> 144 | D22: =Source_vs_period!E860 -> 411.47 | E22: =A_corner_STRING_raw!C3741 -> 115.28 | F22: =Reconstruction!G860 -> 435.17 | G22: =F22-C22 -> 291.17 | H22: ="Raw t maps to comparison t+1" -> Raw t maps to comparison t+1
A23: =20 -> 20 | B23: =Reconstruction!A861 -> 45082.833 | C23: =Reconstruction!F861 -> 75 | D23: =Source_vs_period!E861 -> 110.53 | E23: =A_corner_STRING_raw!C3742 -> 0 | F23: =Reconstruction!G861 -> 115.28 | G23: =F23-C23 -> 40.28 | H23: ="Raw t maps to comparison t+1" -> Raw t maps to comparison t+1
A24: =21 -> 21 | B24: =Reconstruction!A862 -> 45082.875 | C24: =Reconstruction!F862 -> 0 | D24: =Source_vs_period!E862 -> 0 | E24: =A_corner_STRING_raw!C3743 -> 0 | F24: =Reconstruction!G862 -> 0 | G24: =F24-C24 -> 0 | H24: ="Raw t maps to comparison t+1" -> Raw t maps to comparison t+1
A25: =22 -> 22 | B25: =Reconstruction!A863 -> 45082.917 | C25: =Reconstruction!F863 -> 0 | D25: =Source_vs_period!E863 -> 0 | E25: =A_corner_STRING_raw!C3744 -> 0 | F25: =Reconstruction!G863 -> 0 | G25: =F25-C25 -> 0 | H25: ="Raw t maps to comparison t+1" -> Raw t maps to comparison t+1
A26: =23 -> 23 | B26: =Reconstruction!A864 -> 45082.958 | C26: =Reconstruction!F864 -> 0 | D26: =Source_vs_period!E864 -> 0 | E26: =A_corner_STRING_raw!C3745 -> 0 | F26: =Reconstruction!G864 -> 0 | G26: =F26-C26 -> 0 | H26: ="Raw t maps to comparison t+1" -> Raw t maps to comparison t+1
A27: =24 -> 24 | B27: =Reconstruction!A865 -> 45083 | C27: =Reconstruction!F865 -> 0 | D27: =Source_vs_period!E865 -> 0 | E27: =A_corner_STRING_raw!C3746 -> 0 | F27: =Reconstruction!G865 -> 0 | G27: =F27-C27 -> 0 | H27: ="Raw t maps to comparison t+1" -> Raw t maps to comparison t+1
